andrew,lindsay,brentwood,ca,94513,9257890372,jkeefe-esquivel@aol.com,165.219.162.221
Endalyn,Daniel,Ann arbor,MI,48108,7346355523,e-silv@blackplanet.com,195.112.172.226
michael,boggs,boonville,mo,65233,6608823561,michael-boggs@att.net,143.168.239.245
Tonya,Lockett,Leavenworth,KS,66048,9133146775,sam-ant-haw@yahoo.com,192.100.54.242
diana,bargeloh,buckhannon,wv,26201,3044723667,barg@3wlogic.net,204.79.6.251
Yolanda,Wiley-bethly,Elk grove,CA,95758,9164022450,ywiley-bethly@worldnet.att.net,207.117.193.115
Elaine,Mollry,Laporte,IN,46350,2193253356,meme-46350@yahoo.com,129.19.213.205
Brenda,Gedeon,Miami,FL,33127,3057561083,bre-babyboo55@yahoo.com,216.131.100.113
John,Cunningham,Ramsey,MN,55303,7634324804,jk-cunningham@msn.com,207.209.119.149
Scott,Cole,Denver,CO,80237,3037403825,scott-cole@urscorp.com,72.52.229.59
Richard,Brown,Charlotte,NC,28206,7045199457,richard57-brown@yahoo.com,205.177.182.72
Kenneth,Ficerai,Springdale,PA,15144,7244544385,ceiled-39087@mypacks.net,152.32.159.65
minerva,burgos,meriden,ct,6451,2034400436,burgos-m@hotmail.com,192.35.145.121
yeou-song,lee,morgan hill,ca,95037,4082011976,brian-ys.lee@anritsu.com,69.10.163.96
Enno,Limvere,Wahpeton,ND,58075,7016724270,the_rev@702com.net,216.187.95.0
Steven,Garcia,Columbus,OH,43220,6145819284,appcompandsys-inc@worldnet.att.net,192.133.37.49
Cheryl,Yansen,South orange,NJ,7079,9732023197,cheryl.chester-yansen@pfizer.com,65.71.205.196
pat,zulauf,spencerport,ny,14559,5853521442,christine-05@hotmail.com,69.5.117.51
Jeff,Littman,Portland,OR,97212,8322895310,blittman-smith@yahoo.com,192.131.135.244
Micheal,Zernicek,Wadsworth,TX,77483,9794183097,m-zernicek@yahoo.com,66.165.72.119
Barbara,Dunlap-berg,Nashville,TN,37211,6159456410,bdunlap-berg@umcom.org,207.42.161.43
Zamira,Caicedo,WHITEHALL,PA,18052,6104374025,jimenez-424@hotmail.com,212.63.186.63
Melvyn,Mckown,Canyon,TX,79015,8066550191,m-m45@amaonline.com,67.85.177.91
thary,som,long beach,ca,90806,5625913679,da-chan_shizukaai@hotmail.com,194.117.107.213
Jim,Beard,Oroville,CA,95965,5305347389,jimbar2005-look@yahoo.com,24.88.84.208
thomas,aungst,butler,nj,7405,9732914037,t-bird1964@hotmail.com,155.208.91.30
Conrad,Skaggs,Memphis,TN,38108,9013864911,star-struck@juno.com,63.250.181.10
maria,vieira,las vegas,nv,89146,7022587906,sexy-x_mbsb@hotmail.com,192.64.1.166
Mary,Smith,Delran,NJ,8075,8564613854,crystal-18@peoplepc.com,66.196.138.28
deron,brantley,jacksonville,fl,32254,9048851425,da-shan@excite.com,66.181.43.48
Jeffery,Jackson,Chattanooga,TN,37411,4236248075,j-a-jackson@worldnet.att.net,69.13.151.5
Dolores,Khalid-khan,Pelham manor,NY,10803,9147120687,dolores_khalid-khan@glic.com,216.187.97.207
Vivian,Moore,Gatesville,TX,76528,2548658540,v-g-b@embarqmail.com,68.209.17.122
Yinh,Chiang,Sunnyvale,CO,94087,7142446835,curt-mat1@sbcglobal.net,216.72.148.250
janet,drake,shawnee,ks,66203,9132317653,m-rayman@bigfoot.com,76.115.42.154
Iran,Otero,Lake mary,FL,32746,4074158338,aotero-demary@yahoo.com,206.3.124.65
Chris,Sheridan,Rancho cucamonga,CA,91739,9098996875,dms-123abc@msn.com,66.201.106.163
Tia,Lewis,Newark,NJ,7108,9739913173,brown-so-sweet@yahoo.com,209.88.1.255
shawki,al-madhoun,bella vista,ar,72714,4795677232,aal-madhoun@hotmail.com,206.44.47.238
Maria,Morales,Lamont,CA,93241,6611844805,klodia@1987.yahoo.com,67.15.37.240
Melinda,Thomas,Ft collins,CO,80524,9704070576,dwb-mst@msn.com,69.90.73.121
Annette,Harrison,Cleveland,OH,44102,2169659681,rtm-doc1@sbcglobal.net,194.117.99.214
Leann,Dockery,Turtletown,TN,37391,7064551056,leann-dockery@utc.edu,64.117.45.93
veronica,gutierrez,gardner,ma,1440,9784105529,la-sweetheart@hotmail.com,147.59.169.242
michelle,chan,staten island,ny,10305,5152980907,michelle3-1@hotmail.com,192.234.222.62
suzette,ahrens,midland,mi,48640,9898395990,motherhenof3-1979@att.net,192.132.82.248
Douglas,Oxendine,Greensboro,NC,27409,3367073665,d-oxendine@worldnet.att.net,150.137.24.162
suzanne,madison,roseville,mi,48066,5866043054,mjackson-lafave@msn.com,209.88.220.37
Sabrina,Collins,Flint,MI,48505,8102656415,pisceslove-31@yahoo.com,65.99.222.69
Konya,Faison,Kelford,NC,27847,2523442264,konyafaison-1992@yahoo.com,206.182.47.198
William,Thompson,Carson city,NV,89705,7752301530,kris-is-a-10@aol.com,196.216.1.113
Michael,Weber,Lenexa,KS,66216,3168062902,michael--weber@hotmail.com,147.59.54.85
Michael,Racquet,Blossvale,NY,13308,3152451708,m-racquet@yahoo.com,209.200.182.13
Alfonso,Rivera,Los angeles,CA,90038,3234810801,l-alo-44@hotmail.com,64.38.206.139
Celeste,Ekins,La crescenta,CA,91214,8186181387,c-line@pacbell.net,206.182.142.112
Rocio,Hinojiante,Tucson,AZ,85711,5202729773,ro-xi-hot@hotmail.com,132.177.226.149
Thomas,Edmonds,dacoma,OK,73731,5804306941,baby_boy-thomas@hotmail.com,141.102.207.199
iris,fajardo,kissimmee,fl,34741,4079437390,iris-preston@hotmail.com,200.12.224.66
Peggy,Harper,Hollywood,FL,33021,9542948236,agri-tour@sbcglobal.net,75.8.127.228
John,Malik,Toledo,OH,43606,4194964069,hhutchison-malik@netzero.com,192.5.153.53
carra,bellini,snohomish,wa,98296,3603481701,drbellini@37.com,69.108.26.34
Christian,Ruiz,Mesquite,NV,89027,7023464310,volcan-os@hotmail.com,209.93.191.230
Sharon,Lacey,Memphis,TN,38135,9016493326,c-may1@att.net,81.31.194.170
Shane,Hopkins,San antonio,TX,78232,2103624580,shaneh256-school@yahoo.com,192.54.110.81
lee,barnett,long beach,ca,90804,5624330775,ares-51@hotmail.com,65.39.199.200
William,Worley,Stearns,KY,42647,6063109621,4n-a@ameritrade.com,66.163.27.233
Robert,Brennan,Battle creek,MI,49017,2699642246,casper-78059@yahoo.com,97.115.72.170
Amanda,Gummo,State college,PA,16801,8144045651,em-kcuf@sbcglobal.net,162.12.196.10
calvin,davidson,houston,tx,77074,8323715989,c-davidson18@hotmail.com,200.10.160.80
rhonda,minter,ontario,ca,91761,9099101028,rhonda.jefferson-minter@ngc.com,12.24.235.109
Marie,Bienaime,Miramar,FL,33023,9542982277,ebien-aime@msn.com,212.63.186.36
rosario,diaz,santa ana,ca,92707,7147083674,chayo-11@hotmail.com,135.188.243.234
lourrainne,rodriguez,orlando,fl,32836,4076199645,lori-3033@hotmail.com,74.244.196.27
phyllis,jordan,saint louis,mo,,3143830812,phylis-wilson@sbglobal.net,67.158.186.104
Robin,Osborne,Claymont,DE,19703,3023836886,awashington-mcswain@rocketmail.com,69.34.184.249
Antonio,Uraga,Bayonne,NJ,7002,2012470251,bui-d1@sbcglobal.net,192.149.82.61
David,Morales,Brandon,FL,33510,8136574091,daviddm-daviddm@yahoo.com,216.250.215.115
Natisha,Ali,Sacramento,CA,95823,9167065099,natisha-ali@yahoo.com,192.149.207.74
nicole,monroe,capitol heights,md,20743,2404272809,aaronybaby-10@aol.com,199.103.72.147
homero,enriquez,laredo,tx,78041,9567938822,ms-apple-bottom1@live.com,65.88.9.20
Gene,Mccorquodale,Pontiac,MI,48342,2487984766,a-skinner@netzero.com,192.81.192.96
Damon,Jones,Pflugerville,TX,78660,5127215255,d-n-sjones@optonline.net,192.133.12.18
michael,cheers,toledo,oh,43623,6026225572,m-cheers@hotmail.com,209.169.39.255
angela,myers,cleveland,oh,44102,2163342249,angela-myers@att.net,192.111.43.32
James,Pierce,Taft,CA,93268,6616233203,james-awsom@aol.com,195.112.174.0
Janet,Kuhl,Elyria,OH,44035,4404770709,jcampbell-kuhl@yahoo.com,195.112.191.103
Carolyn,Wood,Twain harte,CA,95383,2095860898,cjwood-inth@sbcglobal.net,192.88.107.217
Michelle,Kreiner,Clayton,OK,74536,9185694220,shellshell-1986@yahoo.com,74.254.244.33
Carlos,Rodriguez,Naugatuck,CT,6770,3147043092,c-rod@netzero.net,212.63.190.224
enrique,alvarez,carmichael,ca,95608,9164868774,eja-forest-64@hotmail.com,209.176.225.111
stephen,pflucker,upland,ca,91786,9093733033,skinny-l@hotmail.com,194.117.107.171
David,Escobar,Houston,TX,77035,7132837671,david-y-nancy@hotmail.com,66.205.45.24
William,Graham,Lansing,MI,48911,5178816576,doris-bill@msn.com,76.200.145.234
Pat,Kelley,Brenham,TX,77833,9792033751,pat-kelley@sbcglobal.net,64.150.17.4
Eric,Ellis,Concord,CA,94520,9256877620,porleukin-acular@yahoo.com,24.230.65.157
Joan,Browning,Gilbert,AZ,85298,4802794012,keith-foanbrowning@cox.net,192.84.122.120
Efrain,Orozco,Houston,TX,77084,2816608441,eorozco-cervantes@yahoo.com,63.109.249.115
Jesse,Balam,Monterey park,CA,91754,3237915969,malab01@2by2.net,195.112.173.153
david,hawkins,memphis,tn,38119,9016797429,david-hawkins@comcast.com,192.245.1.134
Charles,Green,Syracuse,NY,13215,3154926322,c-pgreen@twcny.rr.com,216.118.228.66
darrell,henderson,lutz,fl,33559,8134128635,in_love_wit_her@2002yahoo.com,195.112.185.211
Malcolm,Rucker,Rossford,OH,43460,4193564425,bgallaher-rucker@yahoo.com,209.165.90.222
Joan,Kelly-lopez,Mountain lakes,NJ,7046,9739970152,jkelly-lopez@yahoo.com,69.122.53.98
Camelia,Eddings,Jonesboro,AZ,72401,8702757313,camelia-1@yahoo.com,209.93.170.38
Neil,Hansen,Moraga,CA,94556,9253301218,neil-hansen@worldnet.att.net,69.13.129.164
Bobby,Turner,Modesto,CA,95351,2093450746,bobby-turner91@yahoo.com,146.156.118.64
michael,hamlin,muncie,in,47302,7652121068,brittany-1028@comcast.net,192.160.11.255
Teresa,Henke,Fresno,CA,93721,5592321084,teresa-4@sbcglobal.net,216.176.230.242
patricia,jordan,pebroke parkpm,fl,33023,9549867472,jordan-patricia@att.net,69.90.203.228
Shannon,Clark,Detroit,MI,48235,3136222093,sha-love@prodigy.net,24.16.227.10
kay,olsen,port angeles,wa,98362,3604576512,kris-acp@hotmail.com,82.165.235.99
Richard,Pitrelli,Ellwood city,PA,16117,7249778867,rick-carol@ncconnect.net,195.112.184.158
manubon,piamprasatporn,riverside,ca,92506,9517808316,manubon-p@yahoo.com,192.58.131.167
richard,elder,athens,ga,30607,7068362970,d-barnett1@att.net,195.112.184.158
scott,jeffscot,challis,id,83226,2088794551,scott-joto@hotmail.com,165.75.4.212
Adam,Penalver,Vicksburg,MS,39180,6018839838,jaceyp30-ap@peoplepc.com,216.160.179.15
Helen,Gutzler-busch,Wilkinson,IN,46186,7654302433,jbusch-gutzier@yahoo.com,69.13.72.226
Tammy,Harvey,Salamanca,NY,14779,7169452144,baby-doll_63@hotmail.com,216.66.59.41
Anthony,Strada,Cleveland,OH,44121,2165446529,joerjr2004-torrents@yahoo.com,64.49.209.13
isabel,zavala,cumming,ga,30041,6787554699,sanchez-v@hotmail.com,148.144.231.197
micheal,hamilton,savage,mn,55378,6123252675,mikeh@2mkt2mkt.com,199.248.83.248
Tamera,Miller,Rochester,NY,14619,5858023570,baybgirl-83@yahoo.com,65.61.135.1
April,Lee,Grand forks,ND,58201,7017398676,april-m_lee@yahoo.com,204.231.23.206
jason,griswold,wichita falls,tx,76306,9402371359,sirgrizz-2311@hotmail.com,212.63.190.102
Chuck,Boyd,Mason city,IA,50401,6418952212,dadams-kellogg@yahoo.com,71.95.17.185
Clyde,Albergottie,Berea,OH,44017,4403642152,al-albergottie@worldnet.att.net,164.89.176.119
belinda,allen,lawton,ok,73505,5803538732,bee-allen@att.net,66.137.217.241
chad,mcbride,pittsburgh,pa,15235,5747218659,chad-ski@hotmail.com,212.63.179.186
Serafin,Tepehua,Beaumont,CA,92223,9512061955,alejandra-perez@yahoo.com,72.32.41.223
Kaye,Bowen,Bowling green,MO,63334,5733243593,kkrackinup-73@yahoo.com,216.118.238.106
Brenda,Atieno,Tyler,TX,75701,9032530754,brenda-atieno@yahoo.com,192.67.44.26
Fredricka,Burks,Chicago,IL,60644,7738591270,alexadria-gunn@webtv.com,208.46.114.245
Terri,Mattot,Concord,NH,3301,6033404336,terri-mattot@yahoo.com,66.102.56.49
Sharon,Landers,Sylacauga,AL,35151,2562458365,l-sharon@peoplepc.com,206.182.74.133
Donna,Fox,Flint,MI,48507,8108693750,bedolla-rico1@yahoo.com,64.15.128.77
Dorian,Ward,Milwaukee,WI,53233,9203440102,d-craze4life@hotmail.com,64.129.187.2
Levon,Hardaway,Bakersfield,CA,93305,6619784878,bokie-z1@peoplepc.com,194.117.108.181
Donald,Earegood,Mount morris,MI,48458,8107855660,dre-1234@peoplepc.com,194.117.101.121
Cassandra,Hall,Dallas,TX,75217,2145276492,san-hall07@yahoo.com,204.213.82.99
Robert,Larsen,Temple,TX,76504,2547601932,tortuga-mal@prodigy.net,192.135.144.241
Perry,Wise,Mead,WA,99021,5099949176,sonia-perry@worldnet.att.net,199.189.33.172
Laura,Lujan,San bruno,CA,94066,6508718984,laura-lujan@sbcglobal.net,209.152.183.189
Lacarro,Boston,Cedar hill,TX,75104,2144350104,papi-boston@sbcglobal.net,204.15.141.204
Cynthia,Cabello,Kings mountain,NC,28086,7049379930,pretty-girl07@myspace.com,80.239.180.228
Derwood,Forbes,Elizabeth city,NC,27909,2523316598,dtf-sr2012@yahoo.com,192.203.233.114
Nene,Chea,Columbus,OH,43228,6143518697,nene-chea@yahoo.com,69.90.4.95
Alicia,Anderson,Winston salem,NC,27104,3367822515,a-anderson74@triad.rr.com,209.88.162.139
Gwendolyn,Shine,Fresno,CA,93706,5592373379,gwen-dolyn1955@yahoo.com,216.72.125.249
nancy,smith,ellerbe,nc,28338,9106521004,tri-couty@etiinternet.net,134.4.60.55
Annette,Valle,Victoria,TX,77901,3618946748,m-bias@sbcglobal.net,199.254.249.211
travis,jones,corvallis,or,97330,5412311445,osu-beaver@hotmail.com,209.133.13.230
maria,wenzel-hill,coppell,tx,75019,2146327173,mia.b.wenzel-hill@accenture.com,66.199.154.112
alice,prtine,hibbing,mn,55746,2182635154,aprtine@2z.net,72.32.141.206
Abdulla,Mohamed,Denver,CO,80247,7204720637,hakim-20@msn.com,64.40.175.11
Diana,Harris,Huffman,TX,77336,2817262350,blueroses-1717@yahoo.com,192.52.163.213
John,Nelson,Central point,OR,97502,5417277335,kar-save47@yahoo.com,72.62.24.222
Cynthia,Shaloy,Millersburg,OH,44654,3307631111,sexy-mama_1988@yahoo.com,192.104.164.255
Katie,Hale,Smithville,TN,37166,6155977078,lil-ladybug9134@yahoo.com,208.70.85.210
Wayne,Dolphin,Suffern,NY,10901,8456168304,lwesley-dickson@verizon.net,69.90.206.154
Katlyn,Sellers,Shawnee,OH,43782,7403492069,kee-per_of_the_stars_1993@yahoo.com,195.112.164.170
Nancy,Pennington,North,SC,29112,8035352533,kesson-penningtonnl@octech.mailcruiser.com,192.65.244.175
Desi,Mejia,Los angeles,CA,90006,3232966957,desi-luvssuki18@yahoo.com,65.199.227.62
Diane,White,Sinking spring,PA,19608,6107774607,wchsales-offers@yahoo.com,66.201.75.204
